"Golden Gate","Richmond Bridge","Carquinez Bridge","Benicia Bridge","Decker_IsS","ThreeMile","SR_RioVista","SR_Mouth","SR_SteamboatSl","Georg_SloughN","SR_DCC","SR_BlwSteam","SR_SutterSl","SR_Freeport","UpRiver"
0,0,4.5,5.5,11.5,0.333333333333333,5.83333333333333,1,1.33333333333333,0,0.333333333333333,0.333333333333333,1,1.33333333333333,6
0,0,5.5,6.5,7.5,1.33333333333333,6,0,3.16666666666667,0,0,0,0,0,0
0,0,7.5,5.83333333333333,3.03333333333333,1,3.53333333333333,0.2,0.7,0,0.2,0.5,1,1.5,9
0,62,13,14,0,0,0,0,0,0,0,0,0,0,0
0,108.833333333333,9.33333333333333,6.83333333333333,2.25,1,3.75,2.75,5,0.25,1.5,0.25,1,33.25,11
0,121.833333333333,9.83333333333333,12.3333333333333,4,0,3,0,3,0,0,0,0,0,0
0,101.5,11.5,12,4.33333333333333,0,2.66666666666667,1.83333333333333,8.16666666666667,0.333333333333333,0.666666666666667,3.16666666666667,0,4.83333333333333,10
0,108,14,11,0.333333333333333,0,1.16666666666667,1.33333333333333,5.16666666666667,0.5,0.5,0.5,1,5.5,10
0,0,5,4.5,4.33333333333333,0,5.16666666666667,0.333333333333333,3.66666666666667,0,0.333333333333333,0.333333333333333,1,2.33333333333333,4
0,14,8.5,8.5,3.5,0,3,0,0.5,0,0,0,0,0,0
0,37,3.5,6.5,7.16666666666667,0,6.16666666666667,0,1.66666666666667,0,0,0,0,0,0
0,44.8333333333333,7.83333333333333,10.3333333333333,2.5,0,1.5,0,0,0,0,0,0,0,0
0,33.3333333333333,11.8333333333333,12.8333333333333,5,1,5,0,3,0,0,0,0,0,0
0,19.8333333333333,10.3333333333333,10.3333333333333,9,0,5.5,0,1,0.333333333333333,0.333333333333333,0.333333333333333,2,1.5,1.5
0,0,0,2,14.5,0,18,1.5,13,0,0,0,0,0,0
6,4.5,34,11.5,13,0,4.33333333333333,1,5.66666666666667,0,1.33333333333333,2,0,4.66666666666667,11
3.5,25.8333333333333,3.83333333333333,3.83333333333333,8,0,29.5,0,23.5,0,0,0,0,0,0
6,9,10.5,10.5,6,0,14,0.5,9.5,0,0.5,0.5,0,2,22
16.5,16.5,6,6,3.33333333333333,0,1.33333333333333,0.333333333333333,1,0.5,1,0.5,1,2,12
6,7.5,3,3.5,1.16666666666667,0.5,1.91666666666667,0.25,5.66666666666667,0,0.25,1.25,0,7,15
0,0,6,7,31,0,0,0,0,0,0,0,0,0,0
0,0,11,17,51,0,0,0,0,0,0,0,0,0,0
0,0,8,7,29.5,0.5,2,0,0,0,0,0,0,0,0
0,1,14,19,0,0,0,0,0,0,0,0,0,0,0
0,7,8,7,2.5,0,3.25,1.75,0,0.583333333333333,1.58333333333333,1.33333333333333,0,1,2
0,0,26.5,32.5,7,0,0,0,0,0,0,0,0,0,0
0,1,9.5,6.5,39,0,0,0,0,0,0,0,0,0,0
0,0,25.5,21.5,7.33333333333333,0,3.33333333333333,0,1.83333333333333,0.25,0.583333333333333,1.08333333333333,0,0.583333333333333,0
0,0,65,23,3,0,0,0,0,0,0,0,0,0,0
0.5,1.5,73.5,1.5,0,0,0,0,0,0,0,0,0,0,0
0,0,15.5,68.5,1,0,1,0,0,0,0,0,0,0,0
0,11,18,20,0,0,0,0,0,0,0,0,0,0,0
0,1,14,21,0,0,0,0,0,0,0,0,0,0,0
0,0,10.5,30.5,0,0,0,0,0,0,0,0,0,0,0
0,0,12.5,16.5,11,0,0,0,0,0,0,0,0,0,0
0,0,5.5,10.5,25,0,0,0,0,0,0,0,0,0,0
0,0,20,24,4,0,0,0,0,0,0,0,0,0,0
0,0,24.5,23.5,1,0,0,0,0,0,0,0,0,0,0
0,0,14,17,2,0,0,0,0,0,0,0,0,0,0
0,0,1.5,3.5,14.8333333333333,0,5.33333333333333,0.833333333333333,2.66666666666667,0,0.333333333333333,1.66666666666667,3.33333333333333,1,6
0,0,3.5,3.5,12.5,0,2.83333333333333,1.33333333333333,0,0,0.833333333333333,1,0,1.5,5
0,0,5,50.5,8.5,0,1,0,0,0,0,0,0,0,0
0,0,14,12,24,0,1,0,0,0,0,0,0,0,0
0,0,13.5,17.5,10,0,0,0,0,0,0,0,0,0,0
0,0,10.5,18.5,8,0,0,0,0,0,0,0,0,0,0
0,0,18.5,21.5,14,0,1,0,0,0,0,0,0,0,0
0,5,7.5,7.5,6,0.5,4,0.5,0,0,0,0,0,0,2
0,0,12,13,2.5,0,1.5,0.333333333333333,0,0,1.83333333333333,1.83333333333333,1,0,22
0,0,7.5,24.5,8.5,0,12,0,1.5,0,0,0,0,0,0
0,3,10.5,19.5,4,0,2,0,0,0,0,0,0,0,0
0,0,2.5,6.5,8.33333333333333,0,4.83333333333333,0.333333333333333,0.5,0,0.5,0.5,1,0,20
0,2,15,24,27,0,9,0,0,0,0,0,0,0,0
0,0,9,11.5,39.3333333333333,0,15.8333333333333,0.333333333333333,1,0,0.333333333333333,0.333333333333333,1.5,0.833333333333333,7
0,0,22,23,20,0,11,0,0,0,0,0,0,0,0
0,1,10.5,11,20.6666666666667,0,20.6666666666667,0.333333333333333,1.83333333333333,0,0.333333333333333,0.333333333333333,1,1.33333333333333,13
0,0,3.5,4.5,11.3333333333333,0.5,7.33333333333333,0.833333333333333,0,0,0.833333333333333,0.833333333333333,0,0,20.3333333333333
0,0,3.5,3.5,5.08333333333333,0,4.08333333333333,0.583333333333333,0,0,0.75,1.5,0,2,11
0,0,13.5,15.5,3,0,0,0,0,0,0,0,0,0,0
0,1,6,19,7,0,1,0,0,0,0,0,0,0,0
0,0,19,25,3.33333333333333,2.5,2.83333333333333,0,0.333333333333333,0,0,0,2,1,6
0,0,1.5,5.5,6.25,1.5,4.25,1.83333333333333,0,0.583333333333333,1.91666666666667,3.16666666666667,0,2.5,9
0,0,16,14,0,0,0,0,0,0,0,0,0,0,0
0,7.33333333333333,6.83333333333333,8.83333333333333,51,0,0,0,0,0,0,0,0,0,0
0,17,15.5,30.5,10.5,0,1.5,0,0,0,0,0,0,0,0
1,1.5,23.5,50,5,0,0,0,0,0,0,0,0,0,0
0,0,0,1.33333333333333,21.3333333333333,2,7.33333333333333,0,1,0,0,0,0,0,0
0,0,57.5,38.5,25,0,4,0,0,0,0,0,0,0,0
0,0,2,33,1.75,0,0.75,0,0,0,0.25,0.25,0.5,1,31.5
0,0,0,7,3.75,0,0.75,0.583333333333333,0.583333333333333,0,0.333333333333333,0.666666666666667,0.833333333333333,1.5,17
0,0,0,32,6.5,0,2.5,0.333333333333333,1,0,0.333333333333333,0.333333333333333,2.5,2,7.5
0,0,0,14,4.5,0,5,0,0,0.5,0.5,0.5,1,1,30
0,0,10,8,8.5,0,1,0.5,0,0,1,2,0,1,7
0,0,4.5,9.5,18.5,1,9.5,0.333333333333333,0,0,0.333333333333333,0.333333333333333,1,1,11
0,0,14,13,23.5,0,0.5,0,0,0,0,0,0,0,0
0,0,27,14,44.75,0,19.75,0.583333333333333,7.25,0,0.333333333333333,0.333333333333333,1,2,9
0,0,8,9,13.5,0,1.5,0,0,0,0,0,0,0,0
1,10.5,14,7.5,24.5,0,4.5,0,0,0,0,0,0,0,0
0,0,9,5.5,13.3333333333333,0.5,12.8333333333333,0,3.83333333333333,0,0,0,0,0,0
0,4,5,4,5.5,1.5,12,0,2,0,0,0,0,0,0
0,7,8.5,9.5,11.9166666666667,0.666666666666667,7.25,0.25,0.916666666666667,0,0,0,0,0,0
0,0,20,20,23,0,0,0,0,0,0,0,0,0,0
0,0,9,14,11,0,0,0,0,0,0,0,0,0,0
0,0,15.5,15.5,15.5,0,8.5,0,0,0,0,0,0,0,0
0,0,12,92,1,0,0,0,0,0,0,0,0,0,0
0,0,4,15,16.5,2.5,7,0.333333333333333,2,0,0.333333333333333,1.33333333333333,0,1.5,2.5
0,0,17.5,14.5,12,0.5,2.75,0.25,1,0.5,2.75,1.25,0,1,4
0,0,3,4,92.5,0,9,0.25,0.5,0,0.25,0.25,1,1.25,22
0,0,18.5,22.5,5,0,0,0,0,0,0,0,0,0,0
0,0,21.5,32.5,7,0,0,0,0,0,0,0,0,0,0
0,0,37,59,16,0,0,0,0,0,0,0,0,0,0
0,0,94.5,52.5,6,0,1,0,0,0,0,0,0,0,0
0,0,61.5,72.5,6,0,1,0,0,0,0,0,0,0,0
0,0,39.5,60.5,10,0,1,0,0,0,0,0,0,0,0
0,0,69,6,12,0,0,0,0,0,0,0,0,0,0
0,0,9.5,18.5,12.1666666666667,0,8.66666666666667,0.5,0.666666666666667,0,0.5,0.5,1,0,19
0,0,6.5,21.5,11,0,6,0,0,0,0.5,0.5,1,0,0
0,0,10.5,21.5,8.83333333333333,0.333333333333333,4.83333333333333,1,2,0,0.5,0.5,1,0,0
0,0,32.5,12.5,7.83333333333333,0.5,5.33333333333333,0.833333333333333,3.5,0.5,1.83333333333333,1.33333333333333,2,3.33333333333333,15
0,0,50,38,4.41666666666667,0,3.41666666666667,0.25,1.91666666666667,0,0,0,0,0,0
0,0,8,5,7.25,0.25,5.58333333333333,0.583333333333333,0,0,1.33333333333333,1.5,0,1.5,21
0,1,21,11,6.83333333333333,0.5,3.33333333333333,0,0.333333333333333,0,0,0,0,0,0
0,12,11.5,14.5,1.25,0,1.25,0.25,0,0,0.25,1,2,0,11
0,81.5,24,35.5,9.5,0,4.5,0,0,0,0,0,0,0,0
0,0,6,2,7,0,3,0.5,3.5,0,1,2,1,3,14
0,0,24.5,9.5,10.5,0,13.25,1.75,0.5,0.75,1.75,3.5,1,0,0
0,0,2,1,2.83333333333333,0,2.33333333333333,1.83333333333333,4.66666666666667,0,0.333333333333333,46,0,0,0
0,74,2,3,5,0,0,0,0,0,0,0,0,0,0
0,6,5,11,13.8333333333333,0,1.83333333333333,0,1,0,0.333333333333333,0.5,2.5,2,0
0,0,3.5,2.5,2.5,0,18,0,6.5,0,0,0.5,2.5,2,18
0,0,152.5,25.5,3,0,0,0,0,0,0,0,0,0,0
0,2,49.5,36.5,6,0,0,0,0,0,0,0,0,0,0
0,0,53,19,0,0,0,0,0,0,0,0,0,0,0
0,0,20,24,8,0,0,0,0,0,0,0,0,0,0
0,0,81.5,25.5,1.66666666666667,0,1.16666666666667,0,1.16666666666667,0,0,0,0,0,0
0,1,79,17,16.5,0,4.5,0,0,0,0,0,0,0,0
0,6,56,8,6,0,0,0,0,0,0,0,0,0,0
45,11,35.8333333333333,6.83333333333333,6.16666666666667,0,8.66666666666667,1.83333333333333,7.66666666666667,0.5,0.5,0,0,0,0
1,11,14,9.5,5.2,0,16.7,0,2.33333333333333,0.2,0.533333333333333,1.03333333333333,0,1,8.5
31,8,39.5,30.5,0,0,0,0,0,0,0,0,0,0,0
11,2,34.5,15.5,3.16666666666667,0,2.41666666666667,0.583333333333333,0.333333333333333,0,0.25,0.75,0.5,1,13
26,6,112.5,12.5,0,0,0,0,0,0,0,0,0,0,0
0,0,13.5,70.5,3.33333333333333,0,1.83333333333333,0.5,1.33333333333333,0,0.5,0.5,1,3,10
0,0,10,12.5,4,0,5,0,3.5,0,0,0,0,0,0
0,0,2.5,1.5,4.75,0,1,0.5,0.25,0,0.75,1.25,0,6.5,20
0,0,5,14,9.83333333333333,0,5.08333333333333,0.25,0.333333333333333,0,0.25,0.25,1,1,4
0,0,10,14,21,0,0,0,0,0,0,0,0,0,0
0,0,9.5,9.5,10.5,0,1.5,0,0,0,0,0,0,0,0
0,0,6.5,58.5,10,0.5,1.5,0,0,0,0,0,0,0,0
0,0,4.5,21.5,7,0,1,0,0,0,0,0,0,0,0
0,0,8.5,5.5,11.3333333333333,0,1.66666666666667,1.16666666666667,0.333333333333333,0,0.5,0,0.5,0.5,21
0,2,3,3,40,0,2,0,0,0,0,0,0,0,0
10.5,17,11.5,8,1,0,2,0,0,1,0.333333333333333,0.333333333333333,1,1.33333333333333,16
0,1,13,15,10,0,1,0,0,0,0,0,0,0,0
0,0,15.5,17.5,0,0,0,0,0,0,0,0,0,0,0
0,0,21,14,15.5833333333333,1.25,8.91666666666667,2.58333333333333,2.66666666666667,0,0.5,0.5,0,0,0
0,1,6.5,15.5,21.5,0,0.5,0,0,0,0,0,0,0,0
0,0,10,18,18.5,3,5.5,0,0,0,0,0,0,0,0
0,0,7.5,16.5,17,0,0,0,0,0,0,0,0,0,0
1,9,17,18,13,0,0,0,0,0,0,0,0,0,0
0,0,43,13,20.5,0,2.5,0,0,0,0,0,0,0,0
0,0,16.5,16.5,27,0,0,0,0,0,0,0,0,0,0
0,4,22,21,14,0,0,0,0,0,0,0,0,0,0
0,0,13.5,50.5,11,0,0,0,0,0,0,0,0,0,0
0,0,0,15,9.83333333333333,0,4.83333333333333,0,0.333333333333333,0,0.333333333333333,0.333333333333333,1,1.33333333333333,9
0,88,7,4,0,0,0,0,0,0,0,0,0,0,0
0,62,2,2,0,0,0,0,0,0,0,0,0,0,0
0,50.5,3,3.5,1,0,0,0,0,0,0,0,0,0,0
0,90,6,5,0,0,0,0,0,0,0,0,0,0,0
0,0,11.5,139.5,2,0,0,0,0,0,0,0,0,0,0
0,0,6,133,21,0,0,0,0,0,0,0,0,0,0
0,0,14.5,29.5,2,0,0,0,0,0,0,0,0,0,0
0,24.5,7.5,9,3.5,0,3.5,0,0.5,0,0.5,0.5,3.5,1,2
0,24,3.5,3.5,0,0,0,0,0,0,0,0,0,0,0
0,0,3,3,1,0,1.5,0.833333333333333,0,0.25,0.583333333333333,0.583333333333333,0,1.25,18
0,0,2,4,10.3333333333333,0,3.33333333333333,0.666666666666667,1,0,0.333333333333333,0.333333333333333,0.5,2.5,12
0,0,1.5,1.5,11.5,0,13.8333333333333,0.333333333333333,2,0,0.833333333333333,0.5,1,2,14
0,0,5,7,0.833333333333333,0,1.03333333333333,0,0.666666666666667,0.2,0.2,0.533333333333333,0,0.533333333333333,36
0,0,0,0,20,0,6.5,0,0,0,2.66666666666667,1.66666666666667,1,1.16666666666667,0
0,0,27,32,5,0,0,0,0,0,0,0,0,0,0
0,0,25.5,29.5,8,0,0,0,0,0,0,0,0,0,0
0,0,2,38,0,0,0,0,0,0,0,0,0,0,0
0,0,5.5,34.5,0,0,0,0,0,0,0,0,0,0,0
0,0,3.5,46.5,0,0,0,0,0,0,0,0,0,0,0
0,0,7.5,91.5,0,0,0,0,0,0,0,0,0,0,0
0,0,2,14,34,0,0,0,0,0,0,0,0,0,0
0,0,0,11,25.3333333333333,0,14.6666666666667,0.333333333333333,3.16666666666667,0,0.333333333333333,0.833333333333333,0,1.33333333333333,13
0,0,0,5,3,0,1,0,2.5,0.333333333333333,0.333333333333333,0.833333333333333,0,2,21
0,0,0,19,6.5,0,1.5,0.333333333333333,5.66666666666667,0,0.333333333333333,0.333333333333333,0,1.33333333333333,11
0,0,0,11,13.5833333333333,0,9.91666666666667,0.75,13.9166666666667,0.833333333333333,0.833333333333333,4.33333333333333,1.83333333333333,0,0
0,0,2.5,12.5,18.3333333333333,0,5.33333333333333,0.75,3.08333333333333,0,0.75,1.08333333333333,0,3.33333333333333,13.3333333333333
0,0,12.5,17,8.33333333333333,0,11.8333333333333,1.33333333333333,1,0,0,0,0,0,0
0,0,17.5,25.5,4,0,0,0,0,0,0,0,0,0,0
0,0,12,16,35,0,0,0,0,0,0,0,0,0,0
0,3,8,11,10,0,0,0,0,0,0,0,0,0,0
0,0,15,12,10,0,0,0,0,0,0,0,0,0,0
0,0,1,1,14.5333333333333,0.5,4.03333333333333,0.2,2.33333333333333,0,0.2,0.2,1,2,14
0,6,15.5,9.5,4,0,0,0,0,0,0,0,0,0,0
0,3,10.5,20.5,14,0,0,0,0,0,0,0,0,0,0
0,0,0,1,44.8333333333333,2.5,3.83333333333333,0.5,0.333333333333333,0,0,0,0,0,0
0,0,2.5,3.5,4.66666666666667,0,4.66666666666667,0.333333333333333,3,0,0.333333333333333,0.666666666666667,0,0.833333333333333,19.5
0,4,8,9,39.1666666666667,0,2.16666666666667,0.333333333333333,0.833333333333333,0,0.333333333333333,0.333333333333333,0.5,1.33333333333333,21
0,8,9,6,32.6666666666667,0,0.666666666666667,0.666666666666667,0,0,0,0,0,0,0
0,0,0,20,16.25,0,12.0833333333333,0.916666666666667,7.75,0,0,0,0,0,0
0.5,98.1666666666667,5.66666666666667,9.66666666666667,0,0,0,0,0,0,0,0,0,0,0
0,110.333333333333,8.33333333333333,20.3333333333333,0,0,0,0,0,0,0,0,0,0,0
0,96.1666666666667,14.1666666666667,24.6666666666667,14.5833333333333,2.25,4.08333333333333,0.333333333333333,0.75,0,0,0,0,0,0
0,118.833333333333,11.3333333333333,12.8333333333333,2,0,0,0,0,0,0,0,0,0,0
0,78.8333333333333,15.3333333333333,11.8333333333333,4.83333333333333,0,2.03333333333333,0.2,0.333333333333333,0,0.2,1.2,0,1.2,9
0,0,21,18,16,0,0,0,0,0,0,0,0,0,0
0,0,12.5,13.5,6,0,3,0,0,0,0,0,0,0,0
0,14,8,8,2,0,0,0,0,0,0,0,0,0,0
0,0,0,2,22.3333333333333,0,7.33333333333333,0,1.33333333333333,0,0,0,0,0,0
0,0,0,2,28.5,0,38.5,0,0,0,0,0,0,0,0
0,0,10.5,17.5,18.25,0,10.75,0,0.5,0,0.25,0.25,0,1,8
0,1,15,36,3.75,0,2.75,1.08333333333333,2.08333333333333,0,0.833333333333333,2.5,0,2,9
0,0,7.5,20.5,62,1,1,0,0,0,0,0,0,0,0
0,0,11,16,5,0,1,0,0.333333333333333,0,0.333333333333333,0.666666666666667,0,0.666666666666667,5
0,0,25.5,59.5,9,0,0,0,0,0,0,0,0,0,0
0,0,12,23,6,0,1,0.5,0.5,0,0.5,0.5,0.5,1.5,4
0,0,14,11,3.5,0,1,0,0.5,1.25,0.25,1.25,0,1,4.25
0,0,7.5,10.5,15.5,0,3.5,0,0,0,0.333333333333333,0.333333333333333,1,0.333333333333333,11
0,0,3,23,65.1666666666667,0,5.16666666666667,0.833333333333333,2.33333333333333,0,1.5,2,0,2,0
0,0,7,65,21,0,0,0,0,0,0,0,0,0,0
0,0,8.5,6.5,4,0,1.5,0.5,0,0.333333333333333,1.83333333333333,2.83333333333333,0,2,19
0,2,11.5,31.5,2.5,0,1,0.5,0,0,1,1,0,0,5
0,0,0,0,24.5,1,9.5,0,0,0,0,0,0,0,0
0,1,54,18,5.33333333333333,0.5,3.83333333333333,0,0.833333333333333,0,0.333333333333333,1.83333333333333,0,2.33333333333333,6
0,0,64,26,18.5,0,0.5,0,0,0,0,0,0,0,0
0,0,0,58,0,0,0,0,0,0,0,0,0,0,0
0,0,0,43,0,0,0,0,0,0,0,0,0,0,0
0,0,0,156,0,0,0,0,0,0,0,0,0,0,0
0,2.5,1,70.5,2,0,1,0,0,0,0,0,0,0,0
0,0,0,78,0,0,0,0,0,0,0,0,0,0,0
0,51,4,4.5,4.33333333333333,0,2.33333333333333,0.333333333333333,0.5,0,0.5,0.5,1,2,9
1,3,3.5,10.5,19.3333333333333,3,8.83333333333333,1.5,3.33333333333333,0,0,0,0,0,0
0,0,0,40,0,0,0,0,0,0,0,0,0,0,0
0,0,0,97,0,0,0,0,0,0,0,0,0,0,0
0,14.3333333333333,20.1666666666667,20.6666666666667,14.1666666666667,0,9.33333333333333,0,4.33333333333333,0,0,0,0,0,0
0,15.5,11.8333333333333,14.3333333333333,22.6666666666667,0,11.3333333333333,0,1.33333333333333,0,0,0,0,0,0
0,13.6666666666667,10.6666666666667,9.66666666666667,21.9166666666667,0.5,4.25,0.583333333333333,2.75,0,0,0,0,0,0
0,18.1666666666667,15.1666666666667,11.6666666666667,6.5,2,6.5,0,0,0,0,0,0,0,0
0,15.5,9.5,12.5,14,0,5.5,0,0,0,0,0,0,0,0
0,0,93,27,8,0,0,0,0,0,0,0,0,0,0
0,0,28.5,36.5,4.66666666666667,2.83333333333333,1.5,0,1,0,0,0,0,0,0
0,0,8,8,1.33333333333333,1.5,1.83333333333333,1.03333333333333,2.7,0,0.7,1.7,3,2.2,2
0,0,19.5,4.5,1.75,0,1.75,1.25,1,0,0.75,2.5,1,2,0
0,0,0,0,10.9166666666667,1,8.75,2.25,1.75,0,0.333333333333333,0.333333333333333,0.333333333333333,2.33333333333333,5
0,0,0,0,2.75,0,4.25,1.25,2,0,1.58333333333333,1.83333333333333,1.5,5.83333333333333,11
14,41.5,9.5,9,0,0,0,0,0,0,0,0,0,0,0
21.5,14.8333333333333,1.33333333333333,0.333333333333333,0,0,0,0,0,0,0,0,0,0,0
0,0,0,0,6,0,3.33333333333333,2.16666666666667,1.83333333333333,0,1.83333333333333,1.83333333333333,0,3,21
0,0,0,0,0.833333333333333,0,0.833333333333333,0,0.333333333333333,0,0,0.5,1,2.5,25
0,0,0,0,22.6666666666667,0,8.16666666666667,0.5,12.6666666666667,0,0,0,0,0,0
0,0,0,0,18.8333333333333,1,1.83333333333333,0.833333333333333,3.83333333333333,0,0.333333333333333,0.333333333333333,1,2,2
0,0,6,4,6.83333333333333,2.83333333333333,5,0.916666666666667,5.66666666666667,0,0.25,1.25,1.5,2.75,4
1.5,1.5,8,3,5.25,0,2.25,0.5,0.25,0,0.5,1.75,0,1.5,10
0,0,19,124,8.33333333333333,0,0.666666666666667,0.333333333333333,0.666666666666667,0,0,0,0,0,0
0,0,19,34,23.0833333333333,0.25,10.0833333333333,0,0.583333333333333,0,0,0,0,0,0
0,0,35.5,22.5,9,0,8,0,0,0,0,0,0,0,0
0,0,5,319,0,0,0,0,0,0,0,0,0,0,0
0,0,6,177,3.83333333333333,0,1.33333333333333,0,0.833333333333333,0,0,0,0,0,0
0,0,14.5,142.5,2.5,0,3,0,2.5,0,0,0,0,0,0
0,0,0,194,2.33333333333333,0,4.66666666666667,0.333333333333333,0.666666666666667,0,0,0,0,0,0
